Date&Time;app1_conc [mg/l];app1_h [m];app1_t_water [C];Anomalietyp
19.10.2023 14:30;0;0,091;18,1;K
19.10.2023 14:30;0;0,091;18,1;K
19.10.2023 14:31;0;0,092;18,1;K
19.10.2023 14:31;0;0,092;18,1;K
19.10.2023 14:32;0;0,092;18,1;K
19.10.2023 14:32;0;0,093;18,1;K
19.10.2023 14:33;0;0,093;18,1;K
19.10.2023 14:33;0;0,094;18,1;K
19.10.2023 14:34;0;0,094;18,1;K
19.10.2023 14:34;0;0,095;18,1;K
19.10.2023 14:35;0;0,096;18,1;K
19.10.2023 14:35;0;0,096;18,1;K
19.10.2023 14:36;0;0,097;18,1;K
19.10.2023 14:36;0;0,097;18,1;K
19.10.2023 14:37;0;0,098;18,1;K
19.10.2023 14:37;0;0,098;18,1;K
19.10.2023 14:38;0;0,099;18,1;K
19.10.2023 14:38;0;0,1;18,1;K
19.10.2023 14:39;0;0,1;18,1;K
19.10.2023 14:39;0;0,101;18,1;K
19.10.2023 14:40;0;0,102;18,1;K
19.10.2023 14:40;0;0,102;18,1;K
19.10.2023 14:41;0;0,103;18,1;K
19.10.2023 14:41;0;0,104;18,1;K
19.10.2023 14:42;0;0,105;18,1;K
19.10.2023 14:42;0;0,105;18,1;K
19.10.2023 14:43;0;0,106;18,1;K
19.10.2023 14:43;0;0,107;18,1;K
19.10.2023 14:44;0;0,11;18,1;K
19.10.2023 14:44;0;0,114;18,1;K
19.10.2023 14:45;0;0,118;18,1;K
19.10.2023 14:45;0;0,121;18,1;K
19.10.2023 14:46;0;0,124;18,1;K
19.10.2023 14:46;0;0,126;18,2;K
19.10.2023 14:47;0;0,127;18,2;K
19.10.2023 14:47;0;0,128;18,2;K
19.10.2023 14:48;0;0,129;18,1;K
19.10.2023 14:48;0;0,129;18,1;K
19.10.2023 14:49;0;0,13;18;K
19.10.2023 14:49;0;0,13;17,9;K
19.10.2023 14:50;0;0,131;17,9;K
19.10.2023 14:50;0;0,131;17,8;K
19.10.2023 14:51;0;0,134;17,8;K
19.10.2023 14:51;0;0,139;17,8;K
19.10.2023 14:52;0;0,144;17,8;K
19.10.2023 14:52;0;0,148;17,8;K
19.10.2023 14:53;0;0,152;17,9;K
19.10.2023 14:53;266,4;0,155;17,9;
19.10.2023 14:54;1114,6;0,157;17,9;
19.10.2023 14:54;1584;0,16;17,9;
19.10.2023 14:55;1532,7;0,165;17,9;
19.10.2023 14:55;1454,5;0,169;17,9;
19.10.2023 14:56;1516;0,172;17,8;
19.10.2023 14:56;1506,1;0,174;17,8;
19.10.2023 14:57;1543,8;0,177;17,8;
19.10.2023 14:57;1759,2;0,18;17,8;
19.10.2023 14:58;1962,2;0,186;17,8;
19.10.2023 14:58;2100,1;0,19;17,8;
19.10.2023 14:59;2052,1;0,193;17,7;
19.10.2023 14:59;861,6;0,195;17,7;F
19.10.2023 15:00;1593,2;0,197;17,7;
19.10.2023 15:00;1942,1;0,201;17,7;
19.10.2023 15:01;1974,3;0,204;17,7;
19.10.2023 15:01;1569,5;0,208;17,7;F
19.10.2023 15:02;1846,6;0,21;17,7;
19.10.2023 15:02;2466,4;0,212;17,7;
19.10.2023 15:03;2337,1;0,214;17,7;
19.10.2023 15:03;3002;0,217;17,7;A
19.10.2023 15:04;3222,2;0,22;17,7;A
19.10.2023 15:04;2988,5;0,222;17,7;A
19.10.2023 15:05;2372,8;0,226;17,7;
19.10.2023 15:05;2363,6;0,239;17,7;
19.10.2023 15:06;2669,6;0,257;17,7;F,A
19.10.2023 15:06;2266,4;0,277;17,7;
19.10.2023 15:07;1734,9;0,292;17,7;
19.10.2023 15:07;511,6;0,304;17,7;
19.10.2023 15:08;329;0,319;17,7;
19.10.2023 15:08;253,7;0,327;17,7;
19.10.2023 15:09;206,3;0,334;17,7;
19.10.2023 15:09;198;0,346;17,7;
19.10.2023 15:10;193,2;0,354;17,7;
19.10.2023 15:10;180,7;0,359;17,7;
19.10.2023 15:11;166,3;0,371;17,8;
19.10.2023 15:11;149,5;0,378;17,8;
19.10.2023 15:12;151,2;0,386;17,7;
19.10.2023 15:12;157,6;0,394;17,8;
19.10.2023 15:13;151,6;0,402;17,8;
19.10.2023 15:13;147,9;0,407;17,8;
19.10.2023 15:14;142,8;0,416;17,8;
19.10.2023 15:14;155,8;0,422;17,8;
19.10.2023 15:15;183,5;0,429;17,8;
19.10.2023 15:15;194,8;0,436;17,8;
19.10.2023 15:16;183,6;0,444;17,8;
19.10.2023 15:16;164,1;0,448;17,8;
19.10.2023 15:17;160,7;0,456;17,8;
19.10.2023 15:17;165,6;0,463;17,8;
19.10.2023 15:18;169;0,47;17,8;
19.10.2023 15:18;170,2;0,477;17,7;
19.10.2023 15:19;171;0,481;17,8;
19.10.2023 15:19;158,7;0,49;17,7;
19.10.2023 15:20;157,3;0,496;17,7;
19.10.2023 15:20;175,1;0,505;17,7;
19.10.2023 15:21;169,9;0,51;17,7;
19.10.2023 15:21;156,7;0,518;17,7;
19.10.2023 15:22;152,6;0,524;17,7;
19.10.2023 15:22;147,5;0,532;17,7;
19.10.2023 15:23;141,3;0,538;17,7;
19.10.2023 15:23;131,6;0,543;17,7;
19.10.2023 15:24;130;0,552;17,7;
19.10.2023 15:24;136,6;0,558;17,7;
19.10.2023 15:25;142,4;0,566;17,7;
19.10.2023 15:25;145,6;0,574;17,7;
19.10.2023 15:26;156,2;0,58;17,7;
19.10.2023 15:26;161,7;0,585;17,7;
19.10.2023 15:27;145,5;0,594;17,7;
19.10.2023 15:27;141,8;0,601;17,7;
19.10.2023 15:28;165,2;0,608;17,7;
19.10.2023 15:28;201,6;0,614;17,7;
19.10.2023 15:29;205,5;0,621;17,7;
19.10.2023 15:29;209,7;0,627;17,7;
19.10.2023 15:30;232,6;0,634;17,7;
19.10.2023 15:30;200,8;0,64;17,7;
19.10.2023 15:31;173,3;0,646;17,7;
19.10.2023 15:31;190,4;0,653;17,7;
19.10.2023 15:32;185,7;0,661;17,7;
19.10.2023 15:32;196,9;0,668;17,7;
19.10.2023 15:33;216,5;0,675;17,7;
19.10.2023 15:33;224,9;0,684;17,7;
19.10.2023 15:34;1142,6;0,691;17,7;F
19.10.2023 15:34;674,2;0,7;17,7;F
19.10.2023 15:35;233,7;0,708;17,7;
19.10.2023 15:35;246,7;0,717;17,7;
19.10.2023 15:36;257,3;0,724;17,7;
19.10.2023 15:36;261,5;0,734;17,7;
19.10.2023 15:37;239,6;0,741;17,7;
19.10.2023 15:37;193;0,749;17,7;
19.10.2023 15:38;168,5;0,757;17,7;
19.10.2023 15:38;179,3;0,764;17,7;
19.10.2023 15:39;172,4;0,773;17,7;
19.10.2023 15:39;163;0,78;17,6;
19.10.2023 15:40;176,8;0,788;17,6;
19.10.2023 15:40;193,7;0,795;17,6;
19.10.2023 15:41;192,9;0,803;17,6;
19.10.2023 15:41;204,7;0,81;17,6;
19.10.2023 15:42;173,1;0,817;17,6;
19.10.2023 15:42;2352,8;0,826;17,6;F
19.10.2023 15:43;1471,7;0,832;17,6;F
19.10.2023 15:43;178,7;0,841;17,6;
19.10.2023 15:44;167,2;0,849;17,6;
19.10.2023 15:44;176,2;0,857;17,6;
19.10.2023 15:45;203,9;0,865;17,6;
19.10.2023 15:45;191,5;0,873;17,6;
19.10.2023 15:46;201,7;0,881;17,6;
19.10.2023 15:46;217,4;0,889;17,6;
19.10.2023 15:47;193,3;0,896;17,6;
19.10.2023 15:47;175,7;0,904;17,6;
19.10.2023 15:48;187,1;0,911;17,6;
19.10.2023 15:48;163,7;0,918;17,6;
19.10.2023 15:49;146,4;0,924;17,6;
19.10.2023 15:49;156,1;0,932;17,6;
19.10.2023 15:50;161,8;0,937;17,6;
19.10.2023 15:50;140,2;0,945;17,6;
19.10.2023 15:51;124,8;0,951;17,6;
19.10.2023 15:51;123,9;0,958;17,6;
19.10.2023 15:52;142,3;0,964;17,6;
19.10.2023 15:52;152,7;0,972;17,6;
19.10.2023 15:53;153,9;0,977;17,6;
19.10.2023 15:53;161,1;0,983;17,6;
19.10.2023 15:54;152,7;0,99;17,6;
19.10.2023 15:54;144;0,995;17,6;
19.10.2023 15:55;145,9;1,002;17,6;
19.10.2023 15:55;130,8;1,006;17,6;
19.10.2023 15:56;533,6;1,012;17,6;F
19.10.2023 15:56;806,1;1,019;17,6;F
19.10.2023 15:57;117,2;1,022;17,6;
19.10.2023 15:57;118,3;1,029;17,6;
19.10.2023 15:58;115,3;1,033;17,6;
19.10.2023 15:58;90,4;1,039;17,6;
19.10.2023 15:59;87;1,043;17,6;
19.10.2023 15:59;87,8;1,047;17,6;
19.10.2023 16:00;84,1;1,052;17,6;
19.10.2023 16:00;82,4;1,056;17,6;
19.10.2023 16:01;109,1;1,06;17,6;
19.10.2023 16:01;102,4;1,063;17,6;
19.10.2023 16:02;68,9;1,069;17,6;
19.10.2023 16:02;57,9;1,071;17,6;
19.10.2023 16:03;55,7;1,078;17,6;
19.10.2023 16:03;56,1;1,08;17,6;
19.10.2023 16:04;51,8;1,086;17,6;
19.10.2023 16:04;43,4;1,09;17,6;
19.10.2023 16:05;36,4;1,093;17,6;
19.10.2023 16:05;27,3;1,097;17,6;
19.10.2023 16:06;29,4;1,1;17,6;
19.10.2023 16:06;42,7;1,103;17,6;
19.10.2023 16:07;44,6;1,106;17,6;
19.10.2023 16:07;43,3;1,109;17,6;
19.10.2023 16:08;49,2;1,112;17,6;
19.10.2023 16:08;48,7;1,114;17,6;
19.10.2023 16:09;43,6;1,117;17,6;
19.10.2023 16:09;39,8;1,119;17,6;
19.10.2023 16:10;39,8;1,122;17,6;
19.10.2023 16:10;40,2;1,125;17,6;
19.10.2023 16:11;39,4;1,127;17,6;
19.10.2023 16:11;40,6;1,131;17,6;
19.10.2023 16:12;41,1;1,133;17,6;
19.10.2023 16:12;46,7;1,137;17,6;
19.10.2023 16:13;51,2;1,14;17,6;
19.10.2023 16:13;49;1,143;17,6;
19.10.2023 16:14;47,1;1,145;17,6;
19.10.2023 16:14;46;1,147;17,6;
19.10.2023 16:15;44,7;1,148;17,6;
19.10.2023 16:15;41,1;1,15;17,6;
19.10.2023 16:16;37,8;1,15;17,6;
19.10.2023 16:16;41,1;1,152;17,6;
19.10.2023 16:17;43;1,153;17,6;
19.10.2023 16:17;43,3;1,154;17,6;
19.10.2023 16:18;45,1;1,156;17,6;
19.10.2023 16:18;43,4;1,157;17,6;
19.10.2023 16:19;39,6;1,159;17,6;
19.10.2023 16:19;36;1,161;17,6;
19.10.2023 16:20;29,8;1,161;17,6;
19.10.2023 16:20;25,4;1,164;17,6;
19.10.2023 16:21;24,4;1,164;17,6;
19.10.2023 16:21;23,3;1,165;17,6;
19.10.2023 16:22;23,3;1,167;17,6;
19.10.2023 16:22;25,2;1,167;17,6;
19.10.2023 16:23;24;1,168;17,6;
19.10.2023 16:23;23,9;1,168;17,7;
19.10.2023 16:24;24,3;1,169;17,7;
19.10.2023 16:24;21,3;1,169;17,6;
19.10.2023 16:25;19,8;1,169;17,7;
19.10.2023 16:25;20,1;1,17;17,7;
19.10.2023 16:26;18,3;1,17;17,7;
19.10.2023 16:26;18,8;1,175;17,6;
19.10.2023 16:27;20,5;1,171;17,7;
19.10.2023 16:27;21,3;1,175;17,7;
19.10.2023 16:28;22,2;1,175;17,7;
19.10.2023 16:28;20,8;1,178;17,7;
19.10.2023 16:29;19,4;1,176;17,7;
19.10.2023 16:29;18,2;1,177;17,7;
19.10.2023 16:30;17;1,177;17,7;
19.10.2023 16:30;16,2;1,177;17,7;
19.10.2023 16:31;14,8;1,176;17,7;
19.10.2023 16:31;14,6;1,176;17,7;
19.10.2023 16:32;14,3;1,176;17,7;
19.10.2023 16:32;12;1,174;17,7;
19.10.2023 16:33;11,2;1,175;17,7;
19.10.2023 16:33;10,8;1,175;17,7;
19.10.2023 16:34;10,2;1,175;17,7;
19.10.2023 16:34;10,8;1,174;17,7;
19.10.2023 16:35;11,1;1,175;17,7;
19.10.2023 16:35;11,7;1,175;17,7;
19.10.2023 16:36;12,6;1,175;17,7;
19.10.2023 16:36;12,2;1,174;17,7;
19.10.2023 16:37;10,8;1,175;17,7;
19.10.2023 16:37;9,7;1,174;17,7;
19.10.2023 16:38;9,4;1,172;17,7;
19.10.2023 16:38;9,4;1,173;17,7;
19.10.2023 16:39;9,3;1,172;17,7;
19.10.2023 16:39;;;;D
19.10.2023 16:39;9;1,17;17,7;
19.10.2023 16:40;8,8;1,169;17,7;
19.10.2023 16:40;8,2;1,169;17,7;
19.10.2023 16:41;7,8;1,168;17,7;
19.10.2023 16:41;7,8;1,167;17,7;
19.10.2023 16:42;7,8;1,167;17,7;
19.10.2023 16:42;7,4;1,166;17,7;
19.10.2023 16:43;6,8;1,166;17,7;
19.10.2023 16:43;7,3;1,165;17,7;
19.10.2023 16:44;7,4;1,165;17,7;
19.10.2023 16:44;7;1,164;17,7;
19.10.2023 16:45;7,2;1,163;17,7;
19.10.2023 16:45;7,2;1,162;17,7;
19.10.2023 16:46;7,3;1,16;17,7;
19.10.2023 16:46;7,4;1,159;17,7;
19.10.2023 16:47;6,4;1,157;17,7;
19.10.2023 16:47;6,1;1,157;17,7;
19.10.2023 16:48;6,1;1,155;17,7;
19.10.2023 16:48;5,7;1,154;17,7;
19.10.2023 16:49;5,5;1,153;17,7;
19.10.2023 16:49;5,6;1,152;17,7;
19.10.2023 16:50;5,5;1,151;17,7;
19.10.2023 16:50;5,6;1,15;17,7;
19.10.2023 16:51;5,6;1,149;17,7;
19.10.2023 16:51;5,5;1,148;17,7;
19.10.2023 16:52;5,2;1,146;17,7;
19.10.2023 16:52;5,1;1,145;17,7;
19.10.2023 16:53;4,8;1,144;17,7;
19.10.2023 16:53;4,1;1,142;17,7;
19.10.2023 16:54;3,9;1,141;17,7;
19.10.2023 16:54;4,1;1,139;17,7;
19.10.2023 16:55;4,7;1,138;17,7;
19.10.2023 16:55;4,5;1,136;17,7;
19.10.2023 16:56;4,1;1,135;17,7;
19.10.2023 16:56;4,2;1,133;17,7;
19.10.2023 16:57;4,1;1,132;17,7;
19.10.2023 16:57;4;1,13;17,7;
19.10.2023 16:58;3,9;1,129;17,7;
19.10.2023 16:58;3,9;1,127;17,7;
19.10.2023 16:59;3,9;1,126;17,7;
19.10.2023 16:59;4,1;1,124;17,7;
19.10.2023 17:00;3,9;1,123;17,7;
19.10.2023 17:00;3,8;1,123;17,7;
19.10.2023 17:01;4;1,118;17,7;
19.10.2023 17:01;4,3;1,122;17,7;
19.10.2023 17:02;4,7;1,117;17,7;
19.10.2023 17:02;4,8;1,119;17,7;
19.10.2023 17:03;4,4;1,116;17,7;
19.10.2023 17:03;4,2;1,114;17,7;
19.10.2023 17:04;4,3;1,114;17,7;
19.10.2023 17:04;4,1;1,11;17,7;
19.10.2023 17:05;4,1;1,108;17,7;
19.10.2023 17:05;4,2;1,107;17,7;
19.10.2023 17:06;4,2;1,103;17,7;
19.10.2023 17:06;3,8;1,103;17,7;
19.10.2023 17:07;3,9;1,099;17,7;
19.10.2023 17:07;4,2;1,098;17,7;
19.10.2023 17:08;4;1,097;17,7;
19.10.2023 17:08;4,2;1,094;17,7;
19.10.2023 17:09;4,3;1,094;17,7;
19.10.2023 17:09;4,2;1,091;17,7;
19.10.2023 17:10;4,2;1,091;17,7;
19.10.2023 17:10;4,3;1,088;17,7;
19.10.2023 17:11;4,4;1,087;17,7;
19.10.2023 17:11;3,9;1,085;17,7;
19.10.2023 17:12;3,7;1,083;17,7;
19.10.2023 17:12;3,9;1,081;17,7;
19.10.2023 17:13;4,2;1,079;17,7;
19.10.2023 17:13;4,3;1,077;17,7;
19.10.2023 17:14;4;1,075;17,7;
19.10.2023 17:14;4;1,073;17,7;
19.10.2023 17:15;4,1;1,07;17,7;
19.10.2023 17:15;3,9;1,069;17,7;
19.10.2023 17:16;4;1,066;17,7;
19.10.2023 17:16;4,3;1,064;17,7;
19.10.2023 17:17;4,3;1,063;17,7;
19.10.2023 17:17;3,9;1,06;17,7;
19.10.2023 17:18;3,6;1,06;17,7;
19.10.2023 17:18;3,6;1,057;17,7;
19.10.2023 17:19;4,2;1,055;17,7;
19.10.2023 17:19;4,3;1,054;17,7;
19.10.2023 17:20;4,1;1,051;17,7;
19.10.2023 17:20;4,5;1,049;17,7;
19.10.2023 17:21;4,8;1,047;17,7;
19.10.2023 17:21;4,7;1,045;17,7;
19.10.2023 17:22;4,7;1,043;17,7;
19.10.2023 17:22;4,6;1,041;17,7;
19.10.2023 17:23;4,5;1,038;17,7;
19.10.2023 17:23;4,5;1,036;17,7;
19.10.2023 17:24;4,7;1,034;17,7;
19.10.2023 17:24;4,7;1,032;17,7;
19.10.2023 17:25;4,2;1,03;17,7;
19.10.2023 17:25;4;1,028;17,7;
19.10.2023 17:26;3,7;1,026;17,7;
19.10.2023 17:26;3,5;1,024;17,7;
19.10.2023 17:27;3,8;1,022;17,7;
19.10.2023 17:27;3,9;1,02;17,7;
19.10.2023 17:28;3,8;1,018;17,7;
19.10.2023 17:28;3,5;1,015;17,7;
19.10.2023 17:29;3,4;1,013;17,7;
19.10.2023 17:29;3,4;1,011;17,7;
19.10.2023 17:30;3,4;1,009;17,7;
19.10.2023 17:30;3,3;1,006;17,7;
19.10.2023 17:31;3,4;1,004;17,7;
19.10.2023 17:31;3,7;1,002;17,7;
19.10.2023 17:32;3,6;0,999;17,7;
19.10.2023 17:32;3,5;0,997;17,7;
19.10.2023 17:33;3,5;0,995;17,7;
19.10.2023 17:33;3,3;0,993;17,7;
19.10.2023 17:34;3,3;0,991;17,7;
19.10.2023 17:34;3,6;0,988;17,7;
19.10.2023 17:35;3,5;0,986;17,7;
19.10.2023 17:35;3,4;0,984;17,7;
19.10.2023 17:36;3,6;0,982;17,7;
19.10.2023 17:36;3,9;0,98;17,7;
19.10.2023 17:37;4;0,977;17,7;
19.10.2023 17:37;4;0,975;17,7;
19.10.2023 17:38;4;0,973;17,7;
19.10.2023 17:38;4,1;0,97;17,7;
19.10.2023 17:39;3,9;0,968;17,7;
19.10.2023 17:39;3,8;0,966;17,7;
19.10.2023 17:40;3,8;0,963;17,7;
19.10.2023 17:40;3,9;0,961;17,7;
19.10.2023 17:41;4,1;0,959;17,7;
19.10.2023 17:41;4;0,956;17,7;
19.10.2023 17:42;4;0,954;17,7;
19.10.2023 17:42;4,2;0,951;17,7;
19.10.2023 17:43;3,9;0,949;17,7;
19.10.2023 17:43;3,6;0,946;17,7;
19.10.2023 17:44;3,9;0,944;17,7;
19.10.2023 17:44;4;0,942;17,7;
19.10.2023 17:45;4;0,939;17,7;
19.10.2023 17:45;3,8;0,937;17,7;
19.10.2023 17:46;3,5;0,935;17,7;
19.10.2023 17:46;3,4;0,932;17,7;
19.10.2023 17:47;3,5;0,93;17,7;
19.10.2023 17:47;3,7;0,927;17,7;
19.10.2023 17:48;3,9;0,925;17,7;
19.10.2023 17:48;4;0,922;17,8;
19.10.2023 17:49;4;0,92;17,7;
19.10.2023 17:49;4,1;0,917;17,7;
19.10.2023 17:50;4,1;0,915;17,7;
19.10.2023 17:50;3,7;0,912;17,7;
19.10.2023 17:51;3,4;0,91;17,7;
19.10.2023 17:51;3,6;0,907;17,7;
19.10.2023 17:52;3,7;0,904;17,7;
19.10.2023 17:52;3,7;0,902;17,7;
19.10.2023 17:53;3,6;0,899;17,7;
19.10.2023 17:53;3,6;0,897;17,7;
19.10.2023 17:54;3,8;0,894;17,8;
19.10.2023 17:54;4,1;0,892;17,7;
19.10.2023 17:55;4,3;0,889;17,7;
19.10.2023 17:55;4,3;0,887;17,7;
19.10.2023 17:56;4,2;0,884;17,7;
19.10.2023 17:56;4,1;0,881;17,7;
19.10.2023 17:57;3,8;0,879;17,7;
19.10.2023 17:57;3,6;0,876;17,7;
19.10.2023 17:58;3,8;0,874;17,7;
19.10.2023 17:58;4;0,871;17,7;
19.10.2023 17:59;3,8;0,868;17,8;
19.10.2023 17:59;3,7;0,866;17,8;
19.10.2023 18:00;3,5;0,863;17,7;
19.10.2023 18:00;3,4;0,86;17,7;
19.10.2023 18:01;3,6;0,857;17,7;
19.10.2023 18:01;3,6;0,855;17,7;
19.10.2023 18:02;3,4;0,852;17,7;
19.10.2023 18:02;3,3;0,849;17,7;
19.10.2023 18:03;3,3;0,847;17,8;
19.10.2023 18:03;3,3;0,844;17,8;
19.10.2023 18:04;3,4;0,841;17,8;
19.10.2023 18:04;3,2;0,839;17,8;
19.10.2023 18:05;3;0,836;17,8;
19.10.2023 18:05;3;0,833;17,7;
19.10.2023 18:06;3,1;0,83;17,7;
19.10.2023 18:06;3,4;0,827;17,7;
19.10.2023 18:07;3,3;0,825;17,7;
19.10.2023 18:07;3,3;0,822;17,8;
19.10.2023 18:08;5,6;0,819;17,8;
19.10.2023 18:08;8,9;0,816;17,8;
19.10.2023 18:09;5,7;0,813;17,8;
19.10.2023 18:09;3,2;0,81;17,8;
19.10.2023 18:10;3,3;0,808;17,7;
19.10.2023 18:10;3,7;0,804;17,7;
19.10.2023 18:11;3,8;0,802;17,8;
19.10.2023 18:11;3,1;0,798;17,7;
19.10.2023 18:12;2,9;0,796;17,8;
19.10.2023 18:12;3;0,793;17,8;
19.10.2023 18:13;3,1;0,79;17,8;
19.10.2023 18:13;3,2;0,787;17,8;
19.10.2023 18:14;3,3;0,783;17,8;
19.10.2023 18:14;3,3;0,781;17,7;
19.10.2023 18:15;3,3;0,777;17,7;
19.10.2023 18:15;3,7;0,774;17,7;
19.10.2023 18:16;3,7;0,771;17,8;
19.10.2023 18:16;3,2;0,768;17,8;
19.10.2023 18:17;3,1;0,765;17,8;
19.10.2023 18:17;3,4;0,762;17,8;
19.10.2023 18:18;3,6;0,759;17,8;
19.10.2023 18:18;3,8;0,755;17,8;
19.10.2023 18:19;5,1;0,752;17,7;
19.10.2023 18:19;4,8;0,749;17,8;
19.10.2023 18:20;3,6;0,745;17,8;
19.10.2023 18:20;3,6;0,742;17,8;
19.10.2023 18:21;4,1;0,739;17,8;
19.10.2023 18:21;5,1;0,735;17,8;
19.10.2023 18:22;6,3;0,732;17,8;
19.10.2023 18:22;7,6;0,728;17,8;
19.10.2023 18:23;6,6;0,725;17,8;
19.10.2023 18:23;6,1;0,721;17,8;
19.10.2023 18:24;6,6;0,718;17,8;
19.10.2023 18:24;6,9;0,714;17,8;
19.10.2023 18:25;7,8;0,71;17,8;
19.10.2023 18:25;7,3;0,707;17,8;
19.10.2023 18:26;5,2;0,703;17,8;
19.10.2023 18:26;5,1;0,699;17,8;
19.10.2023 18:27;5,4;0,695;17,8;
19.10.2023 18:27;5,7;0,692;17,8;
19.10.2023 18:28;5,4;0,688;17,8;
19.10.2023 18:28;5,7;0,684;17,8;
19.10.2023 18:29;5,8;0,68;17,8;
19.10.2023 18:29;6;0,676;17,8;
19.10.2023 18:30;6,1;0,672;17,8;
19.10.2023 18:30;6,5;0,668;17,8;
19.10.2023 18:31;6,9;0,664;17,8;
19.10.2023 18:31;6,6;0,66;17,8;
19.10.2023 18:32;7,3;0,656;17,8;
19.10.2023 18:32;7,5;0,651;17,8;
19.10.2023 18:33;7;0,647;17,8;
19.10.2023 18:33;7;0,643;17,8;
19.10.2023 18:34;7;0,638;17,8;
19.10.2023 18:34;7,3;0,634;17,8;
19.10.2023 18:35;7,8;0,629;17,8;
19.10.2023 18:35;8,7;0,625;17,8;
19.10.2023 18:36;10,2;0,621;17,8;
19.10.2023 18:36;11,3;0,616;17,8;
19.10.2023 18:37;13,3;0,611;17,8;
19.10.2023 18:37;15,5;0,607;17,8;
19.10.2023 18:38;15,7;0,602;17,8;
19.10.2023 18:38;738,6;0,597;17,8;F
19.10.2023 18:39;681,7;0,593;17,8;F
19.10.2023 18:39;12,9;0,588;17,8;
19.10.2023 18:40;12,6;0,583;17,8;
19.10.2023 18:40;13,7;0,578;17,8;
19.10.2023 18:41;13,9;0,573;17,8;
19.10.2023 18:41;13,9;0,568;17,8;
19.10.2023 18:42;15,1;0,563;17,8;
19.10.2023 18:42;574,9;0,557;17,8;F
19.10.2023 18:43;833,8;0,552;17,8;F
19.10.2023 18:43;57,5;0,546;17,8;
19.10.2023 18:44;23,9;0,541;17,8;
19.10.2023 18:44;23,7;0,535;17,8;
19.10.2023 18:45;22,1;0,529;17,8;
19.10.2023 18:45;22,5;0,523;17,8;
19.10.2023 18:46;26,8;0,517;17,8;
19.10.2023 18:46;29,2;0,511;17,8;
19.10.2023 18:47;270,5;0,505;17,8;F
19.10.2023 18:47;68,5;0,498;17,8;
19.10.2023 18:48;32,4;0,492;17,8;
19.10.2023 18:48;37,2;0,485;17,8;
19.10.2023 18:49;37,8;0,478;17,8;
19.10.2023 18:49;654,1;0,471;17,8;
19.10.2023 18:50;2044;0,464;17,8;
19.10.2023 18:50;2684,5;0,457;17,8;A
19.10.2023 18:51;2840,1;0,449;17,8;A
19.10.2023 18:51;2715,6;0,442;17,8;A
19.10.2023 18:52;2581,1;0,434;17,8;A
19.10.2023 18:52;2389,2;0,426;17,8;
19.10.2023 18:53;2338,6;0,418;17,8;
19.10.2023 18:53;2155;0,409;17,8;
19.10.2023 18:54;2583,2;0,4;17,8;A
19.10.2023 18:54;2802,3;0,391;17,8;A
19.10.2023 18:55;2740,7;0,382;17,8;A
19.10.2023 18:55;2755,9;0,372;17,8;A
19.10.2023 18:56;2724,1;0,361;17,8;A
19.10.2023 18:56;2827,4;0,351;17,8;A
19.10.2023 18:57;2774,5;0,339;17,8;A
19.10.2023 18:57;2878,3;0,327;17,8;A
19.10.2023 18:58;3200,6;0,315;17,8;A
19.10.2023 18:58;3418,6;0,303;17,8;A
19.10.2023 18:59;3082,9;0,288;17,8;A
19.10.2023 18:59;2784,6;0,273;17,8;A
19.10.2023 19:00;3198,1;0,257;17,8;A
19.10.2023 19:00;3870;0,241;17,8;A
19.10.2023 19:01;4383,7;0,223;17,8;A
19.10.2023 19:01;4502,7;0,206;17,8;A
19.10.2023 19:02;6186,2;0,189;17,8;A
19.10.2023 19:02;5310,1;0,171;17,8;A
19.10.2023 19:03;3661;0,155;17,8;A
19.10.2023 19:03;0;0,139;17,8;K
19.10.2023 19:04;0;0,126;17,8;K
19.10.2023 19:04;0;0,116;17,8;K
19.10.2023 19:05;0;0,11;17,9;K
19.10.2023 19:05;0;0,107;17,9;K
19.10.2023 19:06;0;0,105;17,9;K
19.10.2023 19:06;0;0,104;17,9;K
19.10.2023 19:07;0;0,103;17,9;K
19.10.2023 19:07;0;0,103;17,9;K
19.10.2023 19:08;0;0,103;17,9;K
19.10.2023 19:08;0;0,103;17,9;K
19.10.2023 19:09;0;0,103;17,9;K
19.10.2023 19:09;0;0,103;17,9;K
19.10.2023 19:10;0;0,103;18;K
19.10.2023 19:10;0;0,103;18;K
19.10.2023 19:11;0;0,104;18;K
19.10.2023 19:11;0;0,104;18;K
19.10.2023 19:12;0;0,103;18;K
19.10.2023 19:12;0;0,103;18;K
19.10.2023 19:13;0;0,103;18;K
19.10.2023 19:13;0;0,103;18;K
19.10.2023 19:14;0;0,103;18;K
19.10.2023 19:14;0;0,103;18;K
19.10.2023 19:15;0;0,104;18;K
19.10.2023 19:15;0;0,104;18;K
19.10.2023 19:16;0;0,104;18;K
19.10.2023 19:16;0;0,104;18;K
19.10.2023 19:17;0;0,104;18;K
19.10.2023 19:17;0;0,104;18;K
19.10.2023 19:18;0;0,104;18;K
19.10.2023 19:18;0;0,104;18;K
19.10.2023 19:19;0;0,104;18,1;K
19.10.2023 19:19;0;0,104;18,1;K
19.10.2023 19:20;0;0,104;18,1;K
19.10.2023 19:20;0;0,104;18,1;K
19.10.2023 19:21;0;0,104;18,1;K
19.10.2023 19:21;0;0,104;18,1;K
19.10.2023 19:22;0;0,104;18,1;K
19.10.2023 19:22;0;0,104;18,1;K
19.10.2023 19:23;0;0,104;18,1;K
19.10.2023 19:23;0;0,104;18,1;K
19.10.2023 19:24;0;0,104;18,1;K
19.10.2023 19:24;0;0,104;18,1;K
19.10.2023 19:25;0;0,104;18,1;K
19.10.2023 19:25;0;0,104;18,1;K
19.10.2023 19:26;0;0,104;18,1;K
19.10.2023 19:26;0;0,104;18,1;K
19.10.2023 19:27;0;0,104;18,1;K
19.10.2023 19:27;0;0,104;18,1;K
19.10.2023 19:28;0;0,104;18,1;K
19.10.2023 19:28;0;0,104;18,1;K
19.10.2023 19:29;0;0,103;18,1;K
19.10.2023 19:29;0;0,104;18,1;K
19.10.2023 19:30;0;0,104;18,1;K
19.10.2023 19:30;0;0,104;18,1;K
19.10.2023 19:31;0;0,104;18,1;K
19.10.2023 19:31;0;0,104;18,1;K
19.10.2023 19:32;0;0,104;18,1;K
19.10.2023 19:32;0;0,103;18,1;K
19.10.2023 19:33;0;0,104;18,1;K
19.10.2023 19:33;0;0,104;18,1;K
19.10.2023 19:34;0;0,105;18,1;K
19.10.2023 19:34;0;0,104;18,1;K
19.10.2023 19:35;0;0,104;18,1;K
19.10.2023 19:35;0;0,104;18,1;K
19.10.2023 19:36;0;0,104;18,1;K
19.10.2023 19:36;0;0,103;18,1;K
19.10.2023 19:37;0;0,103;18,1;K
19.10.2023 19:37;0;0,103;18,1;K
19.10.2023 19:38;0;0,103;18,1;K
19.10.2023 19:38;0;0,103;18,1;K
19.10.2023 19:39;0;0,103;18,1;K
19.10.2023 19:39;0;0,102;18,1;K
19.10.2023 19:40;0;0,102;18,1;K
19.10.2023 19:40;0;0,102;18,1;K
19.10.2023 19:41;0;0,102;18,1;K
19.10.2023 19:41;0;0,102;18,1;K
19.10.2023 19:42;0;0,102;18,1;K
19.10.2023 19:42;0;0,102;18,1;K
19.10.2023 19:43;0;0,101;18,2;K
19.10.2023 19:43;0;0,101;18,2;K
19.10.2023 19:44;0;0,101;18,2;K
19.10.2023 19:44;0;0,101;18,2;K
19.10.2023 19:45;0;0,101;18,2;K
19.10.2023 19:45;0;0,101;18,2;K
19.10.2023 19:46;0;0,101;18,2;K
19.10.2023 19:46;0;0,101;18,2;K
19.10.2023 19:47;0;0,101;18,2;K
19.10.2023 19:47;0;0,101;18,2;K
19.10.2023 19:48;0;0,101;18,2;K
19.10.2023 19:48;0;0,101;18,2;K
19.10.2023 19:49;0;0,101;18,2;K
19.10.2023 19:49;0;0,101;18,2;K
19.10.2023 19:50;0;0,101;18,3;K
19.10.2023 19:50;0;0,101;18,3;K
19.10.2023 19:51;0;0,101;18,3;K
19.10.2023 19:51;0;0,101;18,3;K
19.10.2023 19:52;0;0,101;18,3;K
19.10.2023 19:52;0;0,101;18,3;K
19.10.2023 19:53;0;0,102;18,3;K
19.10.2023 19:53;0;0,101;18,3;K
19.10.2023 19:54;0;0,101;18,3;K
19.10.2023 19:54;0;0,101;18,3;K
19.10.2023 19:55;0;0,101;18,3;K
19.10.2023 19:55;0;0,101;18,3;K
19.10.2023 19:56;0;0,101;18,3;K
19.10.2023 19:56;0;0,101;18,3;K
19.10.2023 19:57;0;0,101;18,3;K
19.10.2023 19:57;0;0,1;18,3;K
19.10.2023 19:58;0;0,1;18,3;K
19.10.2023 19:58;0;0,1;18,3;K
19.10.2023 19:59;0;0,099;18,3;K
19.10.2023 19:59;0;0,1;18,3;K
19.10.2023 20:00;0;0,099;18,3;K
19.10.2023 20:00;0;0,099;18,3;K
19.10.2023 20:01;0;0,099;18,3;K
19.10.2023 20:01;0;0,099;18,3;K
19.10.2023 20:02;0;0,098;18,4;K
19.10.2023 20:02;0;0,098;18,4;K
19.10.2023 20:03;0;0,098;18,4;K
19.10.2023 20:03;0;0,098;18,4;K
19.10.2023 20:04;0;0,098;18,4;K
19.10.2023 20:04;0;0,098;18,4;K
19.10.2023 20:05;0;0,098;18,4;K
19.10.2023 20:05;0;0,098;18,5;K
19.10.2023 20:06;0;0,098;18,5;K
19.10.2023 20:06;0;0,098;18,5;K
19.10.2023 20:07;0;0,098;18,5;K
19.10.2023 20:07;0;0,099;18,5;K
19.10.2023 20:08;0;0,099;18,5;K
19.10.2023 20:08;0;0,098;18,5;K
19.10.2023 20:09;0;0,098;18,5;K
19.10.2023 20:09;0;0,097;18,5;K
19.10.2023 20:10;0;0,097;18,5;K
19.10.2023 20:10;0;0,097;18,5;K
19.10.2023 20:11;0;0,097;18,5;K
19.10.2023 20:11;0;0,097;18,5;K
19.10.2023 20:12;0;0,097;18,5;K
19.10.2023 20:12;0;0,096;18,5;K
19.10.2023 20:13;0;0,096;18,5;K
19.10.2023 20:13;0;0,096;18,5;K
19.10.2023 20:14;0;0,096;18,5;K
19.10.2023 20:14;0;0,096;18,5;K
19.10.2023 20:15;0;0,096;18,5;K
19.10.2023 20:15;0;0,096;18,5;K
19.10.2023 20:16;0;0,096;18,5;K
19.10.2023 20:16;0;0,096;18,5;K
19.10.2023 20:17;0;0,096;18,5;K
19.10.2023 20:17;0;0,096;18,5;K
19.10.2023 20:18;0;0,095;18,5;K
19.10.2023 20:18;0;0,095;18,5;K
19.10.2023 20:19;0;0,095;18,5;K
19.10.2023 20:19;0;0,096;18,5;K
19.10.2023 20:20;0;0,095;18,5;K
19.10.2023 20:20;0;0,095;18,5;K
19.10.2023 20:21;0;0,095;18,5;K
19.10.2023 20:21;0;0,095;18,5;K
19.10.2023 20:22;0;0,095;18,5;K
19.10.2023 20:22;0;0,095;18,5;K
19.10.2023 20:23;0;0,095;18,5;K
19.10.2023 20:23;0;0,095;18,5;K
19.10.2023 20:24;0;0,095;18,5;K
19.10.2023 20:24;0;0,095;18,5;K
19.10.2023 20:25;0;0,094;18,5;K
19.10.2023 20:25;0;0,094;18,5;K
19.10.2023 20:26;0;0,094;18,5;K
19.10.2023 20:26;0;0,094;18,5;K
19.10.2023 20:27;0;0,094;18,5;K
19.10.2023 20:27;0;0,094;18,5;K
19.10.2023 20:28;0;0,094;18,5;K
19.10.2023 20:28;0;0,094;18,5;K
19.10.2023 20:29;0;0,094;18,5;K
19.10.2023 20:29;0;0,094;18,5;K
19.10.2023 20:30;0;0,094;18,5;K
19.10.2023 20:30;0;0,094;18,5;K
19.10.2023 20:31;0;0,094;18,5;K
19.10.2023 20:31;0;0,093;18,5;K
19.10.2023 20:32;0;0,093;18,5;K
19.10.2023 20:32;0;0,094;18,5;K
19.10.2023 20:33;0;0,093;18,5;K
19.10.2023 20:33;0;0,094;18,5;K
19.10.2023 20:34;0;0,093;18,5;K
19.10.2023 20:34;0;0,094;18,5;K
19.10.2023 20:35;0;0,093;18,5;K
19.10.2023 20:35;0;0,093;18,5;K
19.10.2023 20:36;0;0,093;18,5;K
19.10.2023 20:36;0;0,093;18,5;K
19.10.2023 20:37;0;0,093;18,5;K
